CEPCI,Tlow,Tsupp,WACC,alpha,beta,cMEA,celc,cheat,dTmin,dTreb,eta_boiler,fCO2_B,fCO2_W,fixed,i,ownercost,rescalation,t,yexpenses,duration,rate,scenario,policy,model,Name
1.291264106055784,41.41958829918977,86.19621901475047,0.05161488619588397,5.884763421419123,0.6569821238490168,2.0208711866831415,37.64104375787014,15.437660181938401,7.6387746006258626,9.91661852356293,0.9176557153777621,0.16864651696259642,0.10058802203080965,0.05522602273658737,0.07031638601640047,0.20850733123283194,0.029743652728941222,25,3,4325.530117770161,83.80777192464727,29,28,CCSproblem,Johannes KVV
1.1350917028964018,37.8846888575524,89.57162066867316,0.04518575264771095,6.187491856207427,0.6190972127664321,2.173859179026176,43.4901720647584,14.128974768552032,6.9754015704923,10.980768622246014,0.8870789069797999,0.15337580355519528,0.11970365358551899,0.058449659792571315,0.07592202521194288,0.20042478994526683,0.031526435135506625,24,4,4325.530117770161,83.80777192464727,30,28,CCSproblem,Johannes KVV
1.181119033961234,35.85501688109524,78.92744268300939,0.053162215289535276,6.396512782863533,0.6342841624936532,1.809921996867912,41.02181074960104,15.873103783166801,6.400985048705188,9.353983640769853,0.8035588916629841,0.1595378398028854,0.10986410475394845,0.06592102537382127,0.08108459869840458,0.18438865272812655,0.027329756853909384,27,2,4325.530117770161,83.80777192464727,31,28,CCSproblem,Johannes KVV
