mCO2,cost_specific,consumer_cost,fuel_penalty,energy_deficit,Name
101942.16871949326,123.00786562319954,37.758025345410644,0.20164715413466153,61319.93410791253,Johannes KVV
105456.02316477732,113.51959208998537,34.65673652575607,0.16015649093808895,50381.564354025875,Johannes KVV
116416.87340407334,116.77187915626152,38.08392367360582,0.10741101791861224,37301.00021772642,Johannes KVV
